{"mean_": [7466.224777801487, 58.396371922984564, 102.29171014043725, 7.417444289996609, 4.206852593810496, 111.89174732663096, 14.842193506724437, 44.086902209913944, 3170.4083048435245, 614.697369258365, 95.05017801399704, 20454.276987437042, 6.594527975703061, 1015.3967762011204, 4.55027050157108, 4.552981537106776, 221.33705923128883, 182.34143941412847, 240.08648828548226, 3.0582831622669473, 53.093588299465765, 1012.9479696644693, 101.99822888380945, 4.563615500329277, 5862.890734253907, 0.7675616390578908, 0.7163968745546451, 0.831242523710755, 22.06542992958645, 21.99173250889035, 22.142796669550293, 220.82029546947817, 220.6278835453589, 220.95715183804185, 7.206446744534946, 7.074903691352343, 7.331020824825318], "scale_": [1608.3218343618753, 11.060991714335529, 15.078537657220547, 1.5287648623124328, 0.16522314359454496, 11.99987114042238, 4.598874861575936, 9.70724285737942, 625.8668345964664, 84.13751100938418, 19.676376616034446, 2388.282396517574, 0.17543356228547508, 90.98586510037205, 0.16968143216385265, 0.17328191059968742, 43.05060077718464, 26.320907180972977, 47.47564388876923, 0.23672880616385256, 9.409278979881488, 77.74174231198049, 9.408321187816215, 0.15924674321360277, 1494.9651048772666, 0.36097431746158326, 0.3190528313346151, 0.7775447673379962, 16.01442970559588, 16.036716760628682, 15.991973564335796, 5.824711522496857, 5.775062714124363, 6.006447780278278, 1.3608361395392827, 1.3703766978871568, 1.3752743294923564], "feature_names_in_": ["Volume_pre", "TCC_1st", "Volume_1st", "Inoculum_1st", "Final_pH_1st", "TCC_main", "Discharge_avg", "Discharge_n", "VCC_cc", "Volume_cc", "VCC_main", "Volume_main", "Postinoculation pH", "Inoculum_main", "Final_pH_main", "Preinoculation pH", "CP_volume", "Freeze_dried_cake", "Total_production", "Centrifugation_time", "TCC_2nd", "Volume_2nd", "Inoculum_2nd", "Final_pH_2nd", "VCC", "Process_pressure_avg", "Process_pressure_min", "Process_pressure_max", "Pump_outlet_avg", "Pump_outlet_min", "Pump_outlet_max", "Back_pressure_avg", "Back_pressure_min", "Back_pressure_max", "Flow_rate_avg", "Flow_rate_min", "Flow_rate_max"]}