{"mean_": [7490.327565299421, 58.68223635954322, 102.78354458758754, 7.393751218303734, 4.206817394221847, 112.55834267241326, 14.992436108701815, 44.35638601235784, 3245.6065464443445, 619.2122980813128, 95.96635474113259, 20601.010101010103, 6.594896873088094, 1018.6898898935469, 4.547348141854513, 4.552800894010153, 222.8670272530232, 3.0752895184412803, 53.10978422664818, 1017.3780948841694, 101.98469491036391, 4.568218960370303, 0.7523232818967315, 0.6924520489651101, 0.8256777605638436, 22.113279410063868, 22.054286137965327, 22.17964048330615, 221.1740379102053, 220.93498067114805, 221.34407158023896, 7.284366400640571, 7.157466204667587, 7.407828933812616], "scale_": [1718.458388874152, 11.580131521855575, 16.69690923524438, 1.5769298166514694, 0.17493625897579487, 13.147999289744732, 5.019031183049877, 10.24091058946454, 628.1438954673893, 92.71181129356385, 20.967207336939598, 2746.4208094398487, 0.18572501742497294, 100.74816299692414, 0.1896637514941347, 0.1943315505970811, 45.123625239864566, 0.268836004491015, 10.045862193247237, 90.85909718083239, 9.498602007803775, 0.1635979951612347, 0.38433319983865466, 0.3287881285099359, 0.8595937834895326, 17.324437300627693, 17.342007964818457, 17.30513202300407, 5.7520401948759705, 5.703368668391146, 5.9692066596452955, 1.3481609432774406, 1.361236399111823, 1.3563675630294907], "feature_names_in_": ["Volume_pre", "TCC_1st", "Volume_1st", "Inoculum_1st", "Final_pH_1st", "TCC_main", "Discharge_avg", "Discharge_n", "VCC_cc", "Volume_cc", "VCC_main", "Volume_main", "Postinoculation pH", "Inoculum_main", "Final_pH_main", "Preinoculation pH", "CP_volume", "Centrifugation_time", "TCC_2nd", "Volume_2nd", "Inoculum_2nd", "Final_pH_2nd", "Process_pressure_avg", "Process_pressure_min", "Process_pressure_max", "Pump_outlet_avg", "Pump_outlet_min", "Pump_outlet_max", "Back_pressure_avg", "Back_pressure_min", "Back_pressure_max", "Flow_rate_avg", "Flow_rate_min", "Flow_rate_max"]}