{"mean_": [7434.331019312912, 58.47680392619431, 102.41935483870968, 7.369814890280654, 4.207013867912172, 111.94567294127327, 14.956326226812513, 44.535778139506476, 3259.2326447710566, 615.8890142437446, 96.94097830543708, 20478.494623655915, 6.590473968949324, 1014.247311827957, 4.539014508569716, 4.544050512394562, 222.77851254797434, 183.86390318971735, 236.04373380952404, 3.0702513155961366, 52.78530100364981, 1013.4408602150538, 101.74130782723691, 4.564457105756775, 6253.460741322554, 0.7762174546394026, 0.7004921724541661, 0.8949553127744119, 22.097313073653236, 22.03296412190113, 22.165565886316276, 221.27691119808307, 220.91947765682735, 221.5101536807717, 7.2973025735860055, 7.164539156311039, 7.4225304005448836], "scale_": [1655.8113718038062, 11.389125755735687, 16.62542590974863, 1.5512881441129356, 0.17771999812793013, 12.821046943532123, 5.332186347574335, 10.59118089261734, 619.0044302138689, 88.01960177746513, 20.82533505065855, 2563.6142775288154, 0.18873982777166298, 92.30456318756319, 0.18762006080047777, 0.1929996843974579, 44.28732761548538, 25.56462281647871, 46.4213725015341, 0.2563207852477393, 10.139945283645718, 80.86886535748025, 8.98218950431744, 0.16665533202120014, 1560.2583329261884, 0.4409910216718346, 0.3280546798637137, 1.1701406556845906, 17.76126071943045, 17.780040217979458, 17.742208385077035, 6.094638393117653, 5.901522674829702, 6.493710821739994, 1.3243800589620158, 1.3371872208743727, 1.3394282004670823], "feature_names_in_": ["Volume_pre", "TCC_1st", "Volume_1st", "Inoculum_1st", "Final_pH_1st", "TCC_main", "Discharge_avg", "Discharge_n", "VCC_cc", "Volume_cc", "VCC_main", "Volume_main", "Postinoculation pH", "Inoculum_main", "Final_pH_main", "Preinoculation pH", "CP_volume", "Freeze_dried_cake", "Total_production", "Centrifugation_time", "TCC_2nd", "Volume_2nd", "Inoculum_2nd", "Final_pH_2nd", "VCC", "Process_pressure_avg", "Process_pressure_min", "Process_pressure_max", "Pump_outlet_avg", "Pump_outlet_min", "Pump_outlet_max", "Back_pressure_avg", "Back_pressure_min", "Back_pressure_max", "Flow_rate_avg", "Flow_rate_min", "Flow_rate_max"]}