{"mean_": [7562.997993036748, 58.751341686435396, 101.82926829268293, 7.514217505231869, 4.1969921022451135, 112.2117937711408, 15.564610495187546, 43.411394865431994, 3314.304844025199, 612.6432706249258, 98.078122167238, 20361.788617886177, 6.586961902048629, 1010.7723577235772, 4.5260834120260975, 4.526913862089984, 223.7609931209072, 183.40518123330017, 232.67809077186553, 3.0645798626217853, 51.76860804898059, 1010.1626016260162, 101.21951219512195, 4.564728545413204, 6516.973448040568, 0.7652808172014803, 0.6906150411379125, 0.8407077021656795, 21.951570404627777, 21.900006121542642, 22.00880604738874, 220.33912307024494, 220.13423773580428, 220.48761603013142, 7.412081612238859, 7.277168492781425, 7.541418739993488], "scale_": [1464.0386865853518, 10.466686309127132, 14.493736980493557, 1.3795917680480028, 0.17174202952593887, 11.338086375127663, 5.517105496672346, 10.654704259485381, 588.1730298977059, 81.15172605457789, 19.624757070772674, 2238.6123868888594, 0.19266495212480358, 80.4952468432754, 0.16995971175411326, 0.17845951567363635, 42.513082105482205, 22.694157599365283, 45.411651711756726, 0.24864659202521935, 9.296099185520358, 70.55510145410481, 7.712872341874097, 0.16599608861857862, 1456.4579058889854, 0.3535473242084439, 0.31731089148628144, 0.7746509313756141, 16.426470808105712, 16.44226095679246, 16.40942968057998, 6.013751615183123, 5.956602658896585, 6.198433722602874, 1.1496547168392746, 1.17037509219111, 1.1590981793134052], "feature_names_in_": ["Volume_pre", "TCC_1st", "Volume_1st", "Inoculum_1st", "Final_pH_1st", "TCC_main", "Discharge_avg", "Discharge_n", "VCC_cc", "Volume_cc", "VCC_main", "Volume_main", "Postinoculation pH", "Inoculum_main", "Final_pH_main", "Preinoculation pH", "CP_volume", "Freeze_dried_cake", "Total_production", "Centrifugation_time", "TCC_2nd", "Volume_2nd", "Inoculum_2nd", "Final_pH_2nd", "VCC", "Process_pressure_avg", "Process_pressure_min", "Process_pressure_max", "Pump_outlet_avg", "Pump_outlet_min", "Pump_outlet_max", "Back_pressure_avg", "Back_pressure_min", "Back_pressure_max", "Flow_rate_avg", "Flow_rate_min", "Flow_rate_max"]}